[
    {
        "pk": 1, 
        "model": "qa.reference", 
        "fields": {
            "modified_by": 3, 
            "name": "Yes Expected", 
            "created": "2012-04-02T15:37:23.199Z", 
            "modified": "2012-04-02T15:37:23.199Z", 
            "created_by": 3, 
            "value": 1.0, 
            "ref_type": "yes_no"
        }
    }, 
    {
        "pk": 2, 
        "model": "qa.reference", 
        "fields": {
            "modified_by": 3, 
            "name": "No Expected", 
            "created": "2012-04-02T15:37:23.293Z", 
            "modified": "2012-04-02T15:37:23.293Z", 
            "created_by": 3, 
            "value": 0.0, 
            "ref_type": "yes_no"
        }
    }, 
    {
        "pk": 3, 
        "model": "qa.reference", 
        "fields": {
            "modified_by": 3, 
            "name": "Zero Expected", 
            "created": "2012-04-02T15:37:23.386Z", 
            "modified": "2012-04-02T15:37:23.386Z", 
            "created_by": 3, 
            "value": 0.0, 
            "ref_type": "numerical"
        }
    }, 
    {
        "pk": 4, 
        "model": "qa.reference", 
        "fields": {
            "modified_by": 2, 
            "name": "One Expected", 
            "created": "2012-04-02T15:37:23.464Z", 
            "modified": "2012-04-02T15:37:23.464Z", 
            "created_by": 2, 
            "value": 1.0, 
            "ref_type": "numerical"
        }
    }, 
    {
        "pk": 5, 
        "model": "qa.reference", 
        "fields": {
            "modified_by": 2, 
            "name": "Output reference", 
            "created": "2012-04-02T15:37:23.558Z", 
            "modified": "2012-04-02T15:37:23.558Z", 
            "created_by": 2, 
            "value": 100.0, 
            "ref_type": "numerical"
        }
    }, 
    {
        "pk": 6, 
        "model": "qa.reference", 
        "fields": {
            "modified_by": 2, 
            "name": "Standard T (deg C)", 
            "created": "2012-04-02T15:37:23.652Z", 
            "modified": "2012-04-02T15:37:23.652Z", 
            "created_by": 2, 
            "value": 22.0, 
            "ref_type": "numerical"
        }
    }, 
    {
        "pk": 7, 
        "model": "qa.reference", 
        "fields": {
            "modified_by": 2, 
            "name": "Standard P (mmHg)", 
            "created": "2012-04-02T15:37:23.761Z", 
            "modified": "2012-04-02T15:37:23.761Z", 
            "created_by": 2, 
            "value": 760.0, 
            "ref_type": "numerical"
        }
    }, 
    {
        "pk": 8, 
        "model": "qa.reference", 
        "fields": {
            "modified_by": 1, 
            "name": "Unit05 Machine Restriction Check", 
            "created": "2012-04-02T16:51:10.355Z", 
            "modified": "2012-04-02T16:51:10.355Z", 
            "created_by": 1, 
            "value": 1.0, 
            "ref_type": "numerical"
        }
    }, 
    {
        "pk": 9, 
        "model": "qa.reference", 
        "fields": {
            "modified_by": 1, 
            "name": "Unit05 Motion enablers on all three hand controls functional", 
            "created": "2012-04-02T17:18:13.189Z", 
            "modified": "2012-04-02T17:18:13.189Z", 
            "created_by": 1, 
            "value": 1.0, 
            "ref_type": "boolean"
        }
    }, 
    {
        "pk": 10, 
        "model": "qa.reference", 
        "fields": {
            "modified_by": 1, 
            "name": "Unit05 Motion enablers on table control functional", 
            "created": "2012-04-02T17:18:23.912Z", 
            "modified": "2012-04-02T17:18:23.912Z", 
            "created_by": 1, 
            "value": 1.0, 
            "ref_type": "boolean"
        }
    }, 
    {
        "pk": 11, 
        "model": "qa.reference", 
        "fields": {
            "modified_by": 1, 
            "name": "Unit05 Table brakes functional", 
            "created": "2012-04-02T17:18:36.336Z", 
            "modified": "2012-04-02T17:18:36.336Z", 
            "created_by": 1, 
            "value": 1.0, 
            "ref_type": "boolean"
        }
    }, 
    {
        "pk": 12, 
        "model": "qa.reference", 
        "fields": {
            "modified_by": 1, 
            "name": "Unit05 Table brakes functional", 
            "created": "2012-04-02T17:18:45.419Z", 
            "modified": "2012-04-02T17:18:45.419Z", 
            "created_by": 1, 
            "value": 1.0, 
            "ref_type": "boolean"
        }
    }, 
    {
        "pk": 13, 
        "model": "qa.reference", 
        "fields": {
            "modified_by": 1, 
            "name": "Unit05 Verify Lateral Lasers", 
            "created": "2012-04-02T17:18:55.424Z", 
            "modified": "2012-04-02T17:18:55.424Z", 
            "created_by": 1, 
            "value": 1.0, 
            "ref_type": "boolean"
        }
    }, 
    {
        "pk": 14, 
        "model": "qa.reference", 
        "fields": {
            "modified_by": 1, 
            "name": "Unit05 Motion stops on all three hand controls functional ", 
            "created": "2012-04-02T17:19:04.273Z", 
            "modified": "2012-04-02T17:19:04.273Z", 
            "created_by": 1, 
            "value": 1.0, 
            "ref_type": "boolean"
        }
    }, 
    {
        "pk": 15, 
        "model": "qa.reference", 
        "fields": {
            "modified_by": 1, 
            "name": "Unit05 Verify sagittal/ceiling lasers  ", 
            "created": "2012-04-02T17:19:19.694Z", 
            "modified": "2012-04-02T17:19:19.694Z", 
            "created_by": 1, 
            "value": 1.0, 
            "ref_type": "boolean"
        }
    }, 
    {
        "pk": 16, 
        "model": "qa.reference", 
        "fields": {
            "modified_by": 1, 
            "name": "Unit05 Motion Stops on Treatment Table Functional ", 
            "created": "2012-04-02T17:19:28.060Z", 
            "modified": "2012-04-02T17:19:28.060Z", 
            "created_by": 1, 
            "value": 1.0, 
            "ref_type": "boolean"
        }
    }, 
    {
        "pk": 17, 
        "model": "qa.reference", 
        "fields": {
            "modified_by": 1, 
            "name": "Unit05 Touchguards functional ", 
            "created": "2012-04-02T17:19:37.861Z", 
            "modified": "2012-04-02T17:19:37.861Z", 
            "created_by": 1, 
            "value": 1.0, 
            "ref_type": "boolean"
        }
    }, 
    {
        "pk": 18, 
        "model": "qa.reference", 
        "fields": {
            "modified_by": 1, 
            "name": "Unit05 Crosswires within 2 mm of lasers ", 
            "created": "2012-04-02T17:19:47.038Z", 
            "modified": "2012-04-02T17:19:47.038Z", 
            "created_by": 1, 
            "value": 1.0, 
            "ref_type": "boolean"
        }
    }, 
    {
        "pk": 19, 
        "model": "qa.reference", 
        "fields": {
            "modified_by": 1, 
            "name": "Unit05 Record ODI value on Checkmate Turn on the ODI light", 
            "created": "2012-04-02T17:19:58.807Z", 
            "modified": "2012-04-02T17:19:58.807Z", 
            "created_by": 1, 
            "value": 1.0, 
            "ref_type": "boolean"
        }
    }, 
    {
        "pk": 20, 
        "model": "qa.reference", 
        "fields": {
            "modified_by": 1, 
            "name": "Unit05 20x20 light field within \u00b1 2 mm ", 
            "created": "2012-04-02T17:20:08.124Z", 
            "modified": "2012-04-02T17:20:08.124Z", 
            "created_by": 1, 
            "value": 1.0, 
            "ref_type": "boolean"
        }
    }, 
    {
        "pk": 21, 
        "model": "qa.reference", 
        "fields": {
            "modified_by": 1, 
            "name": "Unit05 10x10 light field within \u00b1 2 mm", 
            "created": "2012-04-02T17:20:17.942Z", 
            "modified": "2012-04-02T17:20:17.942Z", 
            "created_by": 1, 
            "value": 1.0, 
            "ref_type": "boolean"
        }
    }, 
    {
        "pk": 22, 
        "model": "qa.reference", 
        "fields": {
            "modified_by": 1, 
            "name": "Unit05 Oxygen functional", 
            "created": "2012-04-02T17:34:23.945Z", 
            "modified": "2012-04-02T17:34:23.945Z", 
            "created_by": 1, 
            "value": 1.0, 
            "ref_type": "boolean"
        }
    }, 
    {
        "pk": 23, 
        "model": "qa.reference", 
        "fields": {
            "modified_by": 1, 
            "name": "Unit05 LPO Timeout functional  ", 
            "created": "2012-04-02T17:38:43.041Z", 
            "modified": "2012-04-02T17:38:43.041Z", 
            "created_by": 1, 
            "value": 1.0, 
            "ref_type": "boolean"
        }
    }, 
    {
        "pk": 24, 
        "model": "qa.reference", 
        "fields": {
            "modified_by": 1, 
            "name": "Unit05 Run warm-up beam ", 
            "created": "2012-04-02T17:38:51.998Z", 
            "modified": "2012-04-02T17:38:51.998Z", 
            "created_by": 1, 
            "value": 1.0, 
            "ref_type": "boolean"
        }
    }, 
    {
        "pk": 25, 
        "model": "qa.reference", 
        "fields": {
            "modified_by": 1, 
            "name": "Unit05 Audiovisual monitor functional ", 
            "created": "2012-04-02T17:39:01.003Z", 
            "modified": "2012-04-02T17:39:01.003Z", 
            "created_by": 1, 
            "value": 1.0, 
            "ref_type": "boolean"
        }
    }, 
    {
        "pk": 26, 
        "model": "qa.reference", 
        "fields": {
            "modified_by": 1, 
            "name": "Unit05 Audible Beam On Indicator at console functional.  ", 
            "created": "2012-04-02T17:39:10.069Z", 
            "modified": "2012-04-02T17:39:10.069Z", 
            "created_by": 1, 
            "value": 1.0, 
            "ref_type": "boolean"
        }
    }, 
    {
        "pk": 27, 
        "model": "qa.reference", 
        "fields": {
            "modified_by": 1, 
            "name": "Unit05 Independent Radiation Monitors functional ", 
            "created": "2012-04-02T17:39:18.121Z", 
            "modified": "2012-04-02T17:39:18.121Z", 
            "created_by": 1, 
            "value": 1.0, 
            "ref_type": "boolean"
        }
    }, 
    {
        "pk": 28, 
        "model": "qa.reference", 
        "fields": {
            "modified_by": 1, 
            "name": "Unit05 Beam-on Warning Lights functional   ", 
            "created": "2012-04-02T17:39:25.752Z", 
            "modified": "2012-04-02T17:39:25.752Z", 
            "created_by": 1, 
            "value": 1.0, 
            "ref_type": "boolean"
        }
    }, 
    {
        "pk": 29, 
        "model": "qa.reference", 
        "fields": {
            "modified_by": 1, 
            "name": "Unit05 Beam Interrupt button functional", 
            "created": "2012-04-02T17:39:35.147Z", 
            "modified": "2012-04-02T17:39:35.147Z", 
            "created_by": 1, 
            "value": 1.0, 
            "ref_type": "boolean"
        }
    }, 
    {
        "pk": 30, 
        "model": "qa.reference", 
        "fields": {
            "modified_by": 1, 
            "name": "Unit05 Beam Terminate button functional  ", 
            "created": "2012-04-02T17:40:20.433Z", 
            "modified": "2012-04-02T17:40:20.433Z", 
            "created_by": 1, 
            "value": 1.0, 
            "ref_type": "boolean"
        }
    }, 
    {
        "pk": 31, 
        "model": "qa.reference", 
        "fields": {
            "modified_by": 1, 
            "name": "Unit05 Door Open Alarm functional", 
            "created": "2012-04-02T17:40:30.467Z", 
            "modified": "2012-04-02T17:40:30.467Z", 
            "created_by": 1, 
            "value": 1.0, 
            "ref_type": "boolean"
        }
    }, 
    {
        "pk": 32, 
        "model": "qa.reference", 
        "fields": {
            "modified_by": 1, 
            "name": "Unit05 Door Open Alarm functional", 
            "created": "2012-04-02T17:40:46.213Z", 
            "modified": "2012-04-02T17:40:46.213Z", 
            "created_by": 1, 
            "value": 1.0, 
            "ref_type": "boolean"
        }
    }, 
    {
        "pk": 33, 
        "model": "qa.reference", 
        "fields": {
            "modified_by": 1, 
            "name": "Unit05 Door Interlock functional ", 
            "created": "2012-04-02T17:40:57.371Z", 
            "modified": "2012-04-02T17:40:57.371Z", 
            "created_by": 1, 
            "value": 1.0, 
            "ref_type": "boolean"
        }
    }, 
    {
        "pk": 34, 
        "model": "qa.reference", 
        "fields": {
            "modified_by": 1, 
            "name": "Unit05 LPO System functional ", 
            "created": "2012-04-02T17:41:05.797Z", 
            "modified": "2012-04-02T17:41:05.797Z", 
            "created_by": 1, 
            "value": 1.0, 
            "ref_type": "boolean"
        }
    }, 
    {
        "pk": 35, 
        "model": "qa.reference", 
        "fields": {
            "modified_by": 1, 
            "name": "Unit05 6MV 100MU 10x10 Open Field", 
            "created": "2012-04-02T17:46:34.771Z", 
            "modified": "2012-04-02T17:46:34.771Z", 
            "created_by": 1, 
            "value": 100.0, 
            "ref_type": "numerical"
        }
    }, 
    {
        "pk": 36, 
        "model": "qa.reference", 
        "fields": {
            "modified_by": 1, 
            "name": "Unit05 10MV 100MU 10x10 Open Field", 
            "created": "2012-04-02T17:47:27.766Z", 
            "modified": "2012-04-02T17:47:27.766Z", 
            "created_by": 1, 
            "value": 99.45, 
            "ref_type": "numerical"
        }
    }, 
    {
        "pk": 37, 
        "model": "qa.reference", 
        "fields": {
            "modified_by": 1, 
            "name": "Unit05 400 MU, 6MV 10x10, wedge in, col=0", 
            "created": "2012-04-02T17:57:01.928Z", 
            "modified": "2012-04-02T17:57:01.928Z", 
            "created_by": 1, 
            "value": 0.0, 
            "ref_type": "numerical"
        }
    }, 
    {
        "pk": 38, 
        "model": "qa.reference", 
        "fields": {
            "modified_by": 1, 
            "name": "Unit05 6MV 400MU 10x10, wedge_in, col=180", 
            "created": "2012-04-02T17:57:24.056Z", 
            "modified": "2012-04-02T17:57:24.056Z", 
            "created_by": 1, 
            "value": 0.0, 
            "ref_type": "numerical"
        }
    }, 
    {
        "pk": 39, 
        "model": "qa.reference", 
        "fields": {
            "modified_by": 1, 
            "name": "Unit05 6MV Wedge Output Asymmetry (Col0/180)", 
            "created": "2012-04-02T17:58:30.924Z", 
            "modified": "2012-04-02T17:58:30.924Z", 
            "created_by": 1, 
            "value": 0.2615, 
            "ref_type": "numerical"
        }
    }, 
    {
        "pk": 40, 
        "model": "qa.reference", 
        "fields": {
            "modified_by": 1, 
            "name": "Unit05 6MV Wedge Factor (Col0/180)", 
            "created": "2012-04-02T17:59:05.896Z", 
            "modified": "2012-04-02T17:59:05.896Z", 
            "created_by": 1, 
            "value": 0.2615, 
            "ref_type": "numerical"
        }
    }, 
    {
        "pk": 41, 
        "model": "qa.reference", 
        "fields": {
            "modified_by": 1, 
            "name": "Unit05 6MV Wedge Output Asymmetry (Col0/180)", 
            "created": "2012-04-02T17:59:27.134Z", 
            "modified": "2012-04-02T17:59:27.134Z", 
            "created_by": 1, 
            "value": 0.0, 
            "ref_type": "numerical"
        }
    }, 
    {
        "pk": 42, 
        "model": "qa.reference", 
        "fields": {
            "modified_by": 1, 
            "name": "Unit05 6MV 400MU 10x10, wedge_in, col=90", 
            "created": "2012-04-02T17:59:45.299Z", 
            "modified": "2012-04-02T17:59:45.299Z", 
            "created_by": 1, 
            "value": 0.0, 
            "ref_type": "numerical"
        }
    }, 
    {
        "pk": 43, 
        "model": "qa.reference", 
        "fields": {
            "modified_by": 1, 
            "name": "Unit05 6MV 400MU 10x10, wedge_in, col=270", 
            "created": "2012-04-02T17:59:53.008Z", 
            "modified": "2012-04-02T17:59:53.008Z", 
            "created_by": 1, 
            "value": 0.0, 
            "ref_type": "numerical"
        }
    }, 
    {
        "pk": 44, 
        "model": "qa.reference", 
        "fields": {
            "modified_by": 1, 
            "name": "Unit05 6MV Wedge Output Asymmetry (Col90/270)", 
            "created": "2012-04-02T18:00:11.375Z", 
            "modified": "2012-04-02T18:00:11.375Z", 
            "created_by": 1, 
            "value": 0.0, 
            "ref_type": "numerical"
        }
    }, 
    {
        "pk": 45, 
        "model": "qa.reference", 
        "fields": {
            "modified_by": 1, 
            "name": "Unit05 6MV Wedge Factor (Col90/270)", 
            "created": "2012-04-02T18:00:44.661Z", 
            "modified": "2012-04-02T18:00:44.677Z", 
            "created_by": 1, 
            "value": 0.2615, 
            "ref_type": "numerical"
        }
    }, 
    {
        "pk": 46, 
        "model": "qa.reference", 
        "fields": {
            "modified_by": 1, 
            "name": "Unit05 Record ODI value on Checkmate Turn on the ODI light", 
            "created": "2012-04-02T18:02:58.928Z", 
            "modified": "2012-04-02T18:02:58.928Z", 
            "created_by": 1, 
            "value": 100.0, 
            "ref_type": "numerical"
        }
    }, 
    {
        "pk": 1, 
        "model": "qa.tolerance", 
        "fields": {
            "modified_date": "2012-04-02T15:37:23.854Z", 
            "modified_by": 2, 
            "name": "+- 2mm/3mm", 
            "tol_high": 2.0, 
            "act_high": 3.0, 
            "created_by": 2, 
            "act_low": -3.0, 
            "tol_low": -2.0, 
            "created_date": "2012-04-02T15:37:23.854Z", 
            "type": "absolute"
        }
    }, 
    {
        "pk": 2, 
        "model": "qa.tolerance", 
        "fields": {
            "modified_date": "2012-04-02T15:37:24.026Z", 
            "modified_by": 2, 
            "name": "+2mm/3mm", 
            "tol_high": 2.0, 
            "act_high": 3.0, 
            "created_by": 2, 
            "act_low": 0.0, 
            "tol_low": 0.0, 
            "created_date": "2012-04-02T15:37:24.026Z", 
            "type": "absolute"
        }
    }, 
    {
        "pk": 3, 
        "model": "qa.tolerance", 
        "fields": {
            "modified_date": "2012-04-02T15:37:24.089Z", 
            "modified_by": 2, 
            "name": "+- 2%/3%", 
            "tol_high": 2.0, 
            "act_high": 3.0, 
            "created_by": 2, 
            "act_low": -3.0, 
            "tol_low": -2.0, 
            "created_date": "2012-04-02T15:37:24.089Z", 
            "type": "percentage"
        }
    }, 
    {
        "pk": 4, 
        "model": "qa.tolerance", 
        "fields": {
            "modified_date": "2012-04-02T15:37:24.167Z", 
            "modified_by": 2, 
            "name": "+2%/3%", 
            "tol_high": 2.0, 
            "act_high": 3.0, 
            "created_by": 2, 
            "act_low": 0.0, 
            "tol_low": 0.0, 
            "created_date": "2012-04-02T15:37:24.167Z", 
            "type": "percentage"
        }
    }, 
    {
        "pk": 5, 
        "model": "qa.tolerance", 
        "fields": {
            "modified_date": "2012-04-02T15:37:24.276Z", 
            "modified_by": 3, 
            "name": "+- 2/2", 
            "tol_high": 2.0, 
            "act_high": 2.0, 
            "created_by": 3, 
            "act_low": -2.0, 
            "tol_low": -2.0, 
            "created_date": "2012-04-02T15:37:24.276Z", 
            "type": "absolute"
        }
    }, 
    {
        "pk": 6, 
        "model": "qa.tolerance", 
        "fields": {
            "modified_date": "2012-04-02T15:37:24.369Z", 
            "modified_by": 3, 
            "name": "Temperature Tol", 
            "tol_high": 10.0, 
            "act_high": 10.0, 
            "created_by": 3, 
            "act_low": -10.0, 
            "tol_low": -10.0, 
            "created_date": "2012-04-02T15:37:24.369Z", 
            "type": "absolute"
        }
    }, 
    {
        "pk": 7, 
        "model": "qa.tolerance", 
        "fields": {
            "modified_date": "2012-04-02T15:37:24.447Z", 
            "modified_by": 3, 
            "name": "Pressure Tol", 
            "tol_high": 30.0, 
            "act_high": 30.0, 
            "created_by": 3, 
            "act_low": -30.0, 
            "tol_low": -30.0, 
            "created_date": "2012-04-02T15:37:24.447Z", 
            "type": "absolute"
        }
    }, 
    {
        "pk": 8, 
        "model": "qa.tolerance", 
        "fields": {
            "modified_date": "2012-04-02T16:50:42.502Z", 
            "modified_by": 1, 
            "name": "Boolean Tolerance", 
            "tol_high": 0.1, 
            "act_high": 0.1, 
            "created_by": 1, 
            "act_low": -0.1, 
            "tol_low": -0.1, 
            "created_date": "2012-04-02T16:50:42.502Z", 
            "type": "absolute"
        }
    }, 
    {
        "pk": 9, 
        "model": "qa.tolerance", 
        "fields": {
            "modified_date": "2012-04-02T17:46:19.821Z", 
            "modified_by": 1, 
            "name": "+/-2.5% Tol & +/- 3% Action", 
            "tol_high": 2.5, 
            "act_high": 3.0, 
            "created_by": 1, 
            "act_low": -3.0, 
            "tol_low": -2.5, 
            "created_date": "2012-04-02T17:46:19.821Z", 
            "type": "percentage"
        }
    }, 
    {
        "pk": 10, 
        "model": "qa.tolerance", 
        "fields": {
            "modified_date": "2012-04-02T17:48:36.710Z", 
            "modified_by": 1, 
            "name": "Wedge Output Asymmetry", 
            "tol_high": 0.03, 
            "act_high": 0.04, 
            "created_by": 1, 
            "act_low": -0.04, 
            "tol_low": -0.03, 
            "created_date": "2012-04-02T17:48:36.710Z", 
            "type": "absolute"
        }
    }, 
    {
        "pk": 11, 
        "model": "qa.tolerance", 
        "fields": {
            "modified_date": "2012-04-02T18:02:51.391Z", 
            "modified_by": 1, 
            "name": "ODI Tolerance", 
            "tol_high": 0.5, 
            "act_high": 0.5, 
            "created_by": 1, 
            "act_low": -0.5, 
            "tol_low": -0.5, 
            "created_date": "2012-04-02T18:02:51.391Z", 
            "type": "absolute"
        }
    }, 
    {
        "pk": 1, 
        "model": "qa.category", 
        "fields": {
            "description": "Anything related to do with dosimetry", 
            "name": "Dosimetry", 
            "slug": "dosimetry"
        }
    }, 
    {
        "pk": 2, 
        "model": "qa.category", 
        "fields": {
            "description": "Lasers, couch motion, e-stops, etc", 
            "name": "Mechanical & Safety", 
            "slug": "mechanical_safety"
        }
    }, 
    {
        "pk": 1, 
        "model": "qa.tasklistitem", 
        "fields": {
            "category": 2, 
            "task_type": "boolean", 
            "constant_value": null, 
            "name": "Machine Restriction Check", 
            "short_name": "restriction_check", 
            "created": "2012-04-02T15:51:45.487Z", 
            "modified": "2012-04-02T15:51:45.487Z", 
            "created_by": 1, 
            "calculation_procedure": "", 
            "modified_by": 1, 
            "procedure": "Check the red Treatment Restrictions binder for any restrictions from the machine quality assurance or service programs and review all current restrictions.  It is the responsibility of the warm-up therapist to ensure that all therapists using that machine are aware of all restrictions. \r\n\r\nLog into the Elekta workstation.  Select Receive external prescription to put the machine in preparatory state.  Log on to MOSAIQ and select the morning warm-up patient (e.g. RUNIT05, WARM-UP). Enter the room and press the reset motors button on either the Linac or iView hand controls.    ", 
            "description": "En"
        }
    }, 
    {
        "pk": 2, 
        "model": "qa.tasklistitem", 
        "fields": {
            "category": 2, 
            "task_type": "boolean", 
            "constant_value": null, 
            "name": "Motion enablers on all three hand controls functional", 
            "short_name": "hand_motion_enablers", 
            "created": "2012-04-02T15:53:56.604Z", 
            "modified": "2012-04-02T15:53:56.604Z", 
            "created_by": 1, 
            "calculation_procedure": "", 
            "modified_by": 1, 
            "procedure": "Motion enablers on all three hand controls functional  Rotate gantry, verify that rotation stops when motion enabler is released. Repeat this test on the second unit hand control. Verify that panel motion is not possible unless the motion enablers on the XVI hand control are depressed.", 
            "description": "Motion enablers on all three hand controls functional "
        }
    }, 
    {
        "pk": 3, 
        "model": "qa.tasklistitem", 
        "fields": {
            "category": 2, 
            "task_type": "boolean", 
            "constant_value": null, 
            "name": "Motion enablers on table control functional", 
            "short_name": "table_motion_enablers", 
            "created": "2012-04-02T15:54:47.405Z", 
            "modified": "2012-04-02T15:54:47.405Z", 
            "created_by": 1, 
            "calculation_procedure": "", 
            "modified_by": 1, 
            "procedure": "Verify that no treatment table motion is possible unless the motion enabler on the table control is depressed. Verify the motion enabler on both sides of the table.", 
            "description": ""
        }
    }, 
    {
        "pk": 4, 
        "model": "qa.tasklistitem", 
        "fields": {
            "category": 2, 
            "task_type": "boolean", 
            "constant_value": null, 
            "name": "Table brakes functional", 
            "short_name": "table_brakes", 
            "created": "2012-04-02T15:55:15.030Z", 
            "modified": "2012-04-02T15:55:15.030Z", 
            "created_by": 1, 
            "calculation_procedure": "", 
            "modified_by": 1, 
            "procedure": "With the treatment table locked, push laterally and longitudinally on the table top.  Verify that the table top does not move.", 
            "description": ""
        }
    }, 
    {
        "pk": 5, 
        "model": "qa.tasklistitem", 
        "fields": {
            "category": 2, 
            "task_type": "boolean", 
            "constant_value": null, 
            "name": "Verify Lateral Lasers", 
            "short_name": "lateral_lasers", 
            "created": "2012-04-02T15:56:16.664Z", 
            "modified": "2012-04-02T15:56:16.664Z", 
            "created_by": 1, 
            "calculation_procedure": "", 
            "modified_by": 1, 
            "procedure": "Verify that the two transverse laser lines (from patient left and right) and the two coronal laser lines are coincident within 1 mm at or near the machine isocenter and that all four lines are co-incident within 2 mm of their respective reference wall marks.", 
            "description": ""
        }
    }, 
    {
        "pk": 6, 
        "model": "qa.tasklistitem", 
        "fields": {
            "category": 2, 
            "task_type": "boolean", 
            "constant_value": null, 
            "name": "Motion stops on all three hand controls functional ", 
            "short_name": "hand_motion_stops", 
            "created": "2012-04-02T15:56:54.402Z", 
            "modified": "2012-04-02T15:56:54.402Z", 
            "created_by": 1, 
            "calculation_procedure": "", 
            "modified_by": 1, 
            "procedure": "During gantry rotation, verify that pressing the motion stop button on the top of each of the three hand controls results in a Reset Motors interlock on the Inhibits page, and that no gantry motion is possible.  Press Reset Motors button to re-enable motion.", 
            "description": ""
        }
    }, 
    {
        "pk": 7, 
        "model": "qa.tasklistitem", 
        "fields": {
            "category": 2, 
            "task_type": "boolean", 
            "constant_value": null, 
            "name": "Verify sagittal/ceiling lasers  ", 
            "short_name": "sag_ceiling_lasers", 
            "created": "2012-04-02T15:58:42.327Z", 
            "modified": "2012-04-02T15:58:42.327Z", 
            "created_by": 1, 
            "calculation_procedure": "", 
            "modified_by": 1, 
            "procedure": "Rotate the gantry to 45o.  Use a film card held approximately at isocenter to visualize the laser lines.  Verify that the sagittal line from the ceiling laser is coincident (within 1 mm) with the sagittal laser and that the transverse line from the ceiling laser is coincident with both transverse laser lines from the lateral lasers (within 1 mm).", 
            "description": ""
        }
    }, 
    {
        "pk": 8, 
        "model": "qa.tasklistitem", 
        "fields": {
            "category": 2, 
            "task_type": "boolean", 
            "constant_value": null, 
            "name": "Motion Stops on Treatment Table Functional ", 
            "short_name": "table_motion_stops", 
            "created": "2012-04-02T15:59:27.650Z", 
            "modified": "2012-04-02T15:59:27.650Z", 
            "created_by": 1, 
            "calculation_procedure": "", 
            "modified_by": 1, 
            "procedure": "Verify that pushing the motion stops on each side of the couch results in a Reset Motors interlock on the Inhibits page, and that no treatment table or gantry motion is possible.  Pull out the motion stop buttons on the couch and press Reset Motors button to re-enable motion.", 
            "description": ""
        }
    }, 
    {
        "pk": 9, 
        "model": "qa.tasklistitem", 
        "fields": {
            "category": 2, 
            "task_type": "boolean", 
            "constant_value": null, 
            "name": "Touchguards functional ", 
            "short_name": "touchguards", 
            "created": "2012-04-02T16:00:19.232Z", 
            "modified": "2012-04-02T16:00:19.232Z", 
            "created_by": 1, 
            "calculation_procedure": "", 
            "modified_by": 1, 
            "procedure": " Confirm the functionality for each touchgaurd installed (collimator face, iView imaging panel, XVI imaging panel, XVI xray tube) as follows:\r\n\r\n    \u00b7        during gantry rotation press the touchgaurd and verify that gantry motion stops and the Touchguard interlock appears on the Inhibits page\r\n\r\n    \u00b7        release the touchguard and verify that the interlock clears and that gantry rotation is possible", 
            "description": ""
        }
    }, 
    {
        "pk": 10, 
        "model": "qa.tasklistitem", 
        "fields": {
            "category": 2, 
            "task_type": "boolean", 
            "constant_value": null, 
            "name": "Crosswires within 2 mm of lasers ", 
            "short_name": "crosswires_lasers", 
            "created": "2012-04-02T16:01:06.944Z", 
            "modified": "2012-04-02T16:01:06.944Z", 
            "created_by": 1, 
            "calculation_procedure": "", 
            "modified_by": 1, 
            "procedure": "Place the Checkmate QA dosimeter on the treatment couch and turn it ON.  Set the treatment gantry to 0\u00b0 and the collimator at 0\u00b0.  Place the Checkmate detector on the couch top with the digital display facing the in-room camera.  Adjust the height of the couch such that the surface of the Checkmate is aligned with the coronal lateral lasers.  Position the Checkmate by aligning the cross-hairs on its surface with the transverse lateral lasers and the sagittal laser.  Load a 20x20 cm field and verify that the field light cross hairs align with the Checkmate cross hairs to within 2 mm.", 
            "description": ""
        }
    }, 
    {
        "pk": 11, 
        "model": "qa.tasklistitem", 
        "fields": {
            "category": 2, 
            "task_type": "simple", 
            "constant_value": null, 
            "name": "Record ODI value on Checkmate Turn on the ODI light", 
            "short_name": "odi_value", 
            "created": "2012-04-02T16:01:45.931Z", 
            "modified": "2012-04-02T16:01:45.931Z", 
            "created_by": 1, 
            "calculation_procedure": "", 
            "modified_by": 1, 
            "procedure": "Record the distance to the Checkmate surface as shown by the ODI.  Verify that the ODI reads 100 (+/-) 0.5 cm.", 
            "description": ""
        }
    }, 
    {
        "pk": 12, 
        "model": "qa.tasklistitem", 
        "fields": {
            "category": 2, 
            "task_type": "boolean", 
            "constant_value": null, 
            "name": "20x20 light field within \u00b1 2 mm ", 
            "short_name": "light_field_20x20", 
            "created": "2012-04-02T16:02:22.405Z", 
            "modified": "2012-04-02T16:02:22.405Z", 
            "created_by": 1, 
            "calculation_procedure": "", 
            "modified_by": 1, 
            "procedure": "  Verify that all four light field edges are within 2 mm of the 20x20 cm field indicated on the surface of the Checkmate.", 
            "description": ""
        }
    }, 
    {
        "pk": 13, 
        "model": "qa.tasklistitem", 
        "fields": {
            "category": 2, 
            "task_type": "boolean", 
            "constant_value": null, 
            "name": "10x10 light field within \u00b1 2 mm", 
            "short_name": "light_field_10x10", 
            "created": "2012-04-02T16:02:59.114Z", 
            "modified": "2012-04-02T16:02:59.114Z", 
            "created_by": 1, 
            "calculation_procedure": "", 
            "modified_by": 1, 
            "procedure": "Set the nominal field size to 10x10.  Verify that all four light field edges are within 2 mm of the 10x10 cm field indicated on the surface of the Checkmate.\r\n\r\nMove the Checkmate out of the radiation beam by rotating the table column. The Checkmate should not be in the radiation field while the beam is running.", 
            "description": ""
        }
    }, 
    {
        "pk": 14, 
        "model": "qa.tasklistitem", 
        "fields": {
            "category": 2, 
            "task_type": "boolean", 
            "constant_value": null, 
            "name": "Oxygen functional", 
            "short_name": "oxygen", 
            "created": "2012-04-02T16:03:27.223Z", 
            "modified": "2012-04-02T16:03:27.223Z", 
            "created_by": 1, 
            "calculation_procedure": "", 
            "modified_by": 1, 
            "procedure": "Verify that the flowmeter indicates gas flow when the oxygen valve is turned on, that suction is heard when turned on, and all accessories are present.  Ensure the oxygen valve is turned off after the test.", 
            "description": ""
        }
    }, 
    {
        "pk": 15, 
        "model": "qa.tasklistitem", 
        "fields": {
            "category": 2, 
            "task_type": "boolean", 
            "constant_value": null, 
            "name": "LPO Timeout functional  ", 
            "short_name": "lpo_timeout", 
            "created": "2012-04-02T16:03:54.754Z", 
            "modified": "2012-04-02T16:03:54.754Z", 
            "created_by": 1, 
            "calculation_procedure": "", 
            "modified_by": 1, 
            "procedure": " As you leave the room, press the LPO button, and wait at least 30 seconds before closing the treatment room door.  Verify that the \u201cRoom Doors 1\u201d interlock has appeared and cannot be cleared from the console. ", 
            "description": ""
        }
    }, 
    {
        "pk": 16, 
        "model": "qa.tasklistitem", 
        "fields": {
            "category": 2, 
            "task_type": "boolean", 
            "constant_value": null, 
            "name": "Run warm-up beam ", 
            "short_name": "warm_up_beam", 
            "created": "2012-04-02T16:04:22.700Z", 
            "modified": "2012-04-02T16:04:22.700Z", 
            "created_by": 1, 
            "calculation_procedure": "", 
            "modified_by": 1, 
            "procedure": " In MOSAIQ select the first beam for the warm-up patient (10 MV for 500 MU).  Fully complete this beam delivery.  During beam delivery perform Test 17, 18, 19, 20 and warm-up the XVI x-ray tube.", 
            "description": ""
        }
    }, 
    {
        "pk": 17, 
        "model": "qa.tasklistitem", 
        "fields": {
            "category": 2, 
            "task_type": "boolean", 
            "constant_value": null, 
            "name": "Audiovisual monitor functional ", 
            "short_name": "av_monitor", 
            "created": "2012-04-02T16:05:07.002Z", 
            "modified": "2012-04-02T16:05:07.002Z", 
            "created_by": 1, 
            "calculation_procedure": "", 
            "modified_by": 1, 
            "procedure": "Verify full functioning of the in-room cameras and intercom systems.  Intercom is tested by turning up the volume and verifying that machine sounds can be heard.", 
            "description": ""
        }
    }, 
    {
        "pk": 18, 
        "model": "qa.tasklistitem", 
        "fields": {
            "category": 2, 
            "task_type": "boolean", 
            "constant_value": null, 
            "name": "Audible Beam On Indicator at console functional.  ", 
            "short_name": "audible_beam_indicator", 
            "created": "2012-04-02T16:05:34.274Z", 
            "modified": "2012-04-02T16:05:34.274Z", 
            "created_by": 1, 
            "calculation_procedure": "", 
            "modified_by": 1, 
            "procedure": "During beam on, verify that the console Audible Beam On Indicator is functional.  This should beep approximately once per second during beam on. ", 
            "description": ""
        }
    }, 
    {
        "pk": 19, 
        "model": "qa.tasklistitem", 
        "fields": {
            "category": 2, 
            "task_type": "boolean", 
            "constant_value": null, 
            "name": "Independent Radiation Monitors functional ", 
            "short_name": "ind_rad_mons", 
            "created": "2012-04-02T16:06:42.689Z", 
            "modified": "2012-04-02T16:06:42.689Z", 
            "created_by": 1, 
            "calculation_procedure": "", 
            "modified_by": 1, 
            "procedure": "Verify that the red light on the Primalarm outside the door is flashing when the beam is on.  Use the in-room camera system to verify that the red light on the Primalert in the treatment room is illuminated when the beam is on.   ", 
            "description": ""
        }
    }, 
    {
        "pk": 20, 
        "model": "qa.tasklistitem", 
        "fields": {
            "category": 2, 
            "task_type": "boolean", 
            "constant_value": null, 
            "name": "Beam-on Warning Lights functional   ", 
            "short_name": "beam_on_warning_light", 
            "created": "2012-04-02T16:07:09.852Z", 
            "modified": "2012-04-02T16:07:09.852Z", 
            "created_by": 1, 
            "calculation_procedure": "", 
            "modified_by": 1, 
            "procedure": "When beam is on the warning light over the door should be red BEAM ON, and green BEAM OFF when beam is off (General Division).  At the Civic Division (Unit 20), beam on is indicated by the \u201chand sign\u201d being illuminated.  Use the camera to verify that the Beam On Warning Lights inside the room are functional.", 
            "description": ""
        }
    }, 
    {
        "pk": 21, 
        "model": "qa.tasklistitem", 
        "fields": {
            "category": 2, 
            "task_type": "boolean", 
            "constant_value": null, 
            "name": "Beam Interrupt button functional", 
            "short_name": "beam_interrupt_button", 
            "created": "2012-04-02T16:07:37.607Z", 
            "modified": "2012-04-02T16:07:37.607Z", 
            "created_by": 1, 
            "calculation_procedure": "", 
            "modified_by": 1, 
            "procedure": "In MOSAIQ, select and run the second warm up beam (200 MU of 10 MV photons).  After a minimum of 30 MU\u2019s has been delivered, press INTERRUPT.  Verify that the beam is interrupted (Primalarm stops flashing, MU stops integrating) and the console displays INTERRUPT.", 
            "description": ""
        }
    }, 
    {
        "pk": 22, 
        "model": "qa.tasklistitem", 
        "fields": {
            "category": 2, 
            "task_type": "boolean", 
            "constant_value": null, 
            "name": "Beam Terminate button functional  ", 
            "short_name": "beam_terminate_button", 
            "created": "2012-04-02T16:08:07.572Z", 
            "modified": "2012-04-02T16:08:07.572Z", 
            "created_by": 1, 
            "calculation_procedure": "", 
            "modified_by": 1, 
            "procedure": "Resume the beam.  After an additional minimum of 30 MUs has run, press the TERMINATE button.  Verify that the beam terminates (Primalarm stops flashing, MU stops integrating). Press the Reset Motors button and finish running the 10 MV 200 MU beam.", 
            "description": ""
        }
    }, 
    {
        "pk": 23, 
        "model": "qa.tasklistitem", 
        "fields": {
            "category": 2, 
            "task_type": "boolean", 
            "constant_value": null, 
            "name": "Door Open Alarm functional", 
            "short_name": "door_open_alarm", 
            "created": "2012-04-02T16:08:32.790Z", 
            "modified": "2012-04-02T16:08:32.790Z", 
            "created_by": 1, 
            "calculation_procedure": "", 
            "modified_by": 1, 
            "procedure": "Press START to resume the irradiation.  After an additional minimum of 30 MU\u2019s has been delivered, push open the treatment room door, and verify that an audible alarm sounds.", 
            "description": ""
        }
    }, 
    {
        "pk": 24, 
        "model": "qa.tasklistitem", 
        "fields": {
            "category": 2, 
            "task_type": "boolean", 
            "constant_value": null, 
            "name": "Door Interlock functional ", 
            "short_name": "door_interlock", 
            "created": "2012-04-02T16:09:00.841Z", 
            "modified": "2012-04-02T16:09:00.841Z", 
            "created_by": 1, 
            "calculation_procedure": "", 
            "modified_by": 1, 
            "procedure": "Verify that  opening the door during beam-on has interrupted the beam (Primalarm has stopped flashing).", 
            "description": ""
        }
    }, 
    {
        "pk": 25, 
        "model": "qa.tasklistitem", 
        "fields": {
            "category": 2, 
            "task_type": "boolean", 
            "constant_value": null, 
            "name": "LPO System functional ", 
            "short_name": "lpo_system", 
            "created": "2012-04-02T16:09:38.134Z", 
            "modified": "2012-04-02T16:09:38.134Z", 
            "created_by": 1, 
            "calculation_procedure": "", 
            "modified_by": 1, 
            "procedure": "Close the door and attempt to resume beam on.  Verify that the \u201cRoom Doors 1\u201d interlock has appeared and can not be cleared from the console.\r\n\r\nEnter the treatment room and reposition the Checkmate in the treatment beam by rotating the table column. Proceed with beam outputs tests.", 
            "description": ""
        }
    }, 
    {
        "pk": 26, 
        "model": "qa.tasklistitem", 
        "fields": {
            "category": 1, 
            "task_type": "simple", 
            "constant_value": null, 
            "name": "6MV 100MU 10x10 Open Field", 
            "short_name": "open_field_10x10_6mv", 
            "created": "2012-04-02T16:13:14.336Z", 
            "modified": "2012-04-02T16:26:26.490Z", 
            "created_by": 1, 
            "calculation_procedure": "", 
            "modified_by": 1, 
            "procedure": "Measure checkmate reading for 100MU of 10x10 open field", 
            "description": ""
        }
    }, 
    {
        "pk": 27, 
        "model": "qa.tasklistitem", 
        "fields": {
            "category": 1, 
            "task_type": "simple", 
            "constant_value": null, 
            "name": "10MV 100MU 10x10 Open Field", 
            "short_name": "open_field_10x10_10mv", 
            "created": "2012-04-02T16:14:17.677Z", 
            "modified": "2012-04-02T17:47:24.785Z", 
            "created_by": 1, 
            "calculation_procedure": "", 
            "modified_by": 1, 
            "procedure": "Record checkmate reading for 10MV beam, 100MU 10x10 open field.", 
            "description": ""
        }
    }, 
    {
        "pk": 28, 
        "model": "qa.tasklistitem", 
        "fields": {
            "category": 1, 
            "task_type": "simple", 
            "constant_value": null, 
            "name": "400 MU, 6MV 10x10, wedge in, col=0", 
            "short_name": "wedge_6mv_col0_10x10", 
            "created": "2012-04-02T16:16:32.883Z", 
            "modified": "2012-04-02T16:16:32.883Z", 
            "created_by": 1, 
            "calculation_procedure": "", 
            "modified_by": 1, 
            "procedure": "Measure wedged output at col 0", 
            "description": ""
        }
    }, 
    {
        "pk": 29, 
        "model": "qa.tasklistitem", 
        "fields": {
            "category": 1, 
            "task_type": "simple", 
            "constant_value": null, 
            "name": "6MV 400MU 10x10, wedge_in, col=180", 
            "short_name": "wedge_6mv_col180_10x10", 
            "created": "2012-04-02T16:17:48.091Z", 
            "modified": "2012-04-02T16:17:48.091Z", 
            "created_by": 1, 
            "calculation_procedure": "", 
            "modified_by": 1, 
            "procedure": "Measure wedged output at collimator 180.", 
            "description": ""
        }
    }, 
    {
        "pk": 30, 
        "model": "qa.tasklistitem", 
        "fields": {
            "category": 1, 
            "task_type": "simple", 
            "constant_value": null, 
            "name": "6MV Wedge Output Asymmetry (Col0/180)", 
            "short_name": "wedge_6mv_asymmetry", 
            "created": "2012-04-02T16:23:13.951Z", 
            "modified": "2012-04-02T16:37:30.272Z", 
            "created_by": 1, 
            "calculation_procedure": "result=(wedge_6mv_col0_10x10-wedge_6mv_col180_10x10)*2/(wedge_6mv_col0_10x10+wedge_6mv_col180_10x10)", 
            "modified_by": 1, 
            "procedure": "", 
            "description": ""
        }
    }, 
    {
        "pk": 31, 
        "model": "qa.tasklistitem", 
        "fields": {
            "category": 1, 
            "task_type": "composite", 
            "constant_value": null, 
            "name": "6MV Wedge Factor (Col0/180)", 
            "short_name": "wedge_factor_6mv", 
            "created": "2012-04-02T16:26:12.993Z", 
            "modified": "2012-04-02T16:37:07.474Z", 
            "created_by": 1, 
            "calculation_procedure": "result=(wedge_6mv_col0_10x10+wedge_6mv_col180_10x10)/2./(open_field_10x10_6mv*4)", 
            "modified_by": 1, 
            "procedure": "", 
            "description": ""
        }
    }, 
    {
        "pk": 32, 
        "model": "qa.tasklistitem", 
        "fields": {
            "category": 1, 
            "task_type": "simple", 
            "constant_value": null, 
            "name": "6MV 400MU 10x10, wedge_in, col=90", 
            "short_name": "wedge_6mv_col90_10x10", 
            "created": "2012-04-02T16:29:16.891Z", 
            "modified": "2012-04-02T16:29:16.891Z", 
            "created_by": 1, 
            "calculation_procedure": "", 
            "modified_by": 1, 
            "procedure": "", 
            "description": ""
        }
    }, 
    {
        "pk": 33, 
        "model": "qa.tasklistitem", 
        "fields": {
            "category": 1, 
            "task_type": "simple", 
            "constant_value": null, 
            "name": "6MV 400MU 10x10, wedge_in, col=270", 
            "short_name": "wedge_6mv_col270_10x10", 
            "created": "2012-04-02T16:29:39.424Z", 
            "modified": "2012-04-02T16:32:43.016Z", 
            "created_by": 1, 
            "calculation_procedure": "", 
            "modified_by": 1, 
            "procedure": "", 
            "description": ""
        }
    }, 
    {
        "pk": 34, 
        "model": "qa.tasklistitem", 
        "fields": {
            "category": 1, 
            "task_type": "composite", 
            "constant_value": null, 
            "name": "6MV Wedge Output Asymmetry (Col90/270)", 
            "short_name": "wedge_6mv_asymmetry_col90", 
            "created": "2012-04-02T16:31:54.017Z", 
            "modified": "2012-04-02T16:37:45.565Z", 
            "created_by": 1, 
            "calculation_procedure": "result=(wedge_6mv_col90_10x10-wedge_6mv_col270_10x10)*2/(wedge_6mv_col90_10x10+wedge_6mv_col270_10x10)", 
            "modified_by": 1, 
            "procedure": "", 
            "description": ""
        }
    }, 
    {
        "pk": 35, 
        "model": "qa.tasklistitem", 
        "fields": {
            "category": 1, 
            "task_type": "composite", 
            "constant_value": null, 
            "name": "6MV Wedge Factor (Col90/270)", 
            "short_name": "wedge_factor_6mv_col270", 
            "created": "2012-04-02T16:34:27.319Z", 
            "modified": "2012-04-02T16:34:27.319Z", 
            "created_by": 1, 
            "calculation_procedure": "result=(wedge_6mv_col90_10x10+wedge_6mv_col270_10x10)/2./(open_field_10x10_6mv*4)", 
            "modified_by": 1, 
            "procedure": "", 
            "description": ""
        }
    }, 
    {
        "pk": 1, 
        "model": "qa.tasklistitemunitinfo", 
        "fields": {
            "reference": 8, 
            "active": true, 
            "tolerance": 8, 
            "task_list_item": 1, 
            "unit": 5
        }
    }, 
    {
        "pk": 2, 
        "model": "qa.tasklistitemunitinfo", 
        "fields": {
            "reference": 9, 
            "active": true, 
            "tolerance": 8, 
            "task_list_item": 2, 
            "unit": 5
        }
    }, 
    {
        "pk": 3, 
        "model": "qa.tasklistitemunitinfo", 
        "fields": {
            "reference": 10, 
            "active": true, 
            "tolerance": 8, 
            "task_list_item": 3, 
            "unit": 5
        }
    }, 
    {
        "pk": 4, 
        "model": "qa.tasklistitemunitinfo", 
        "fields": {
            "reference": 12, 
            "active": true, 
            "tolerance": 8, 
            "task_list_item": 4, 
            "unit": 5
        }
    }, 
    {
        "pk": 5, 
        "model": "qa.tasklistitemunitinfo", 
        "fields": {
            "reference": 13, 
            "active": true, 
            "tolerance": 8, 
            "task_list_item": 5, 
            "unit": 5
        }
    }, 
    {
        "pk": 6, 
        "model": "qa.tasklistitemunitinfo", 
        "fields": {
            "reference": 14, 
            "active": true, 
            "tolerance": 8, 
            "task_list_item": 6, 
            "unit": 5
        }
    }, 
    {
        "pk": 7, 
        "model": "qa.tasklistitemunitinfo", 
        "fields": {
            "reference": 15, 
            "active": true, 
            "tolerance": 8, 
            "task_list_item": 7, 
            "unit": 5
        }
    }, 
    {
        "pk": 8, 
        "model": "qa.tasklistitemunitinfo", 
        "fields": {
            "reference": 16, 
            "active": true, 
            "tolerance": 8, 
            "task_list_item": 8, 
            "unit": 5
        }
    }, 
    {
        "pk": 9, 
        "model": "qa.tasklistitemunitinfo", 
        "fields": {
            "reference": 17, 
            "active": true, 
            "tolerance": 8, 
            "task_list_item": 9, 
            "unit": 5
        }
    }, 
    {
        "pk": 10, 
        "model": "qa.tasklistitemunitinfo", 
        "fields": {
            "reference": 18, 
            "active": true, 
            "tolerance": 8, 
            "task_list_item": 10, 
            "unit": 5
        }
    }, 
    {
        "pk": 11, 
        "model": "qa.tasklistitemunitinfo", 
        "fields": {
            "reference": 46, 
            "active": true, 
            "tolerance": 11, 
            "task_list_item": 11, 
            "unit": 5
        }
    }, 
    {
        "pk": 12, 
        "model": "qa.tasklistitemunitinfo", 
        "fields": {
            "reference": 20, 
            "active": true, 
            "tolerance": 8, 
            "task_list_item": 12, 
            "unit": 5
        }
    }, 
    {
        "pk": 13, 
        "model": "qa.tasklistitemunitinfo", 
        "fields": {
            "reference": 21, 
            "active": true, 
            "tolerance": 8, 
            "task_list_item": 13, 
            "unit": 5
        }
    }, 
    {
        "pk": 14, 
        "model": "qa.tasklistitemunitinfo", 
        "fields": {
            "reference": 22, 
            "active": true, 
            "tolerance": 8, 
            "task_list_item": 14, 
            "unit": 5
        }
    }, 
    {
        "pk": 15, 
        "model": "qa.tasklistitemunitinfo", 
        "fields": {
            "reference": 23, 
            "active": true, 
            "tolerance": 8, 
            "task_list_item": 15, 
            "unit": 5
        }
    }, 
    {
        "pk": 16, 
        "model": "qa.tasklistitemunitinfo", 
        "fields": {
            "reference": 24, 
            "active": true, 
            "tolerance": 8, 
            "task_list_item": 16, 
            "unit": 5
        }
    }, 
    {
        "pk": 17, 
        "model": "qa.tasklistitemunitinfo", 
        "fields": {
            "reference": 25, 
            "active": true, 
            "tolerance": 7, 
            "task_list_item": 17, 
            "unit": 5
        }
    }, 
    {
        "pk": 18, 
        "model": "qa.tasklistitemunitinfo", 
        "fields": {
            "reference": 26, 
            "active": true, 
            "tolerance": 8, 
            "task_list_item": 18, 
            "unit": 5
        }
    }, 
    {
        "pk": 19, 
        "model": "qa.tasklistitemunitinfo", 
        "fields": {
            "reference": 27, 
            "active": true, 
            "tolerance": 8, 
            "task_list_item": 19, 
            "unit": 5
        }
    }, 
    {
        "pk": 20, 
        "model": "qa.tasklistitemunitinfo", 
        "fields": {
            "reference": 28, 
            "active": true, 
            "tolerance": 8, 
            "task_list_item": 20, 
            "unit": 5
        }
    }, 
    {
        "pk": 21, 
        "model": "qa.tasklistitemunitinfo", 
        "fields": {
            "reference": 29, 
            "active": true, 
            "tolerance": 8, 
            "task_list_item": 21, 
            "unit": 5
        }
    }, 
    {
        "pk": 22, 
        "model": "qa.tasklistitemunitinfo", 
        "fields": {
            "reference": 30, 
            "active": true, 
            "tolerance": 8, 
            "task_list_item": 22, 
            "unit": 5
        }
    }, 
    {
        "pk": 23, 
        "model": "qa.tasklistitemunitinfo", 
        "fields": {
            "reference": 32, 
            "active": true, 
            "tolerance": 8, 
            "task_list_item": 23, 
            "unit": 5
        }
    }, 
    {
        "pk": 24, 
        "model": "qa.tasklistitemunitinfo", 
        "fields": {
            "reference": 33, 
            "active": true, 
            "tolerance": 8, 
            "task_list_item": 24, 
            "unit": 5
        }
    }, 
    {
        "pk": 25, 
        "model": "qa.tasklistitemunitinfo", 
        "fields": {
            "reference": 34, 
            "active": true, 
            "tolerance": 8, 
            "task_list_item": 25, 
            "unit": 5
        }
    }, 
    {
        "pk": 26, 
        "model": "qa.tasklistitemunitinfo", 
        "fields": {
            "reference": 35, 
            "active": true, 
            "tolerance": 9, 
            "task_list_item": 26, 
            "unit": 5
        }
    }, 
    {
        "pk": 27, 
        "model": "qa.tasklistitemunitinfo", 
        "fields": {
            "reference": 36, 
            "active": true, 
            "tolerance": 9, 
            "task_list_item": 27, 
            "unit": 5
        }
    }, 
    {
        "pk": 28, 
        "model": "qa.tasklistitemunitinfo", 
        "fields": {
            "reference": 37, 
            "active": true, 
            "tolerance": null, 
            "task_list_item": 28, 
            "unit": 5
        }
    }, 
    {
        "pk": 29, 
        "model": "qa.tasklistitemunitinfo", 
        "fields": {
            "reference": 38, 
            "active": true, 
            "tolerance": null, 
            "task_list_item": 29, 
            "unit": 5
        }
    }, 
    {
        "pk": 30, 
        "model": "qa.tasklistitemunitinfo", 
        "fields": {
            "reference": 41, 
            "active": true, 
            "tolerance": 10, 
            "task_list_item": 30, 
            "unit": 5
        }
    }, 
    {
        "pk": 31, 
        "model": "qa.tasklistitemunitinfo", 
        "fields": {
            "reference": 40, 
            "active": true, 
            "tolerance": 9, 
            "task_list_item": 31, 
            "unit": 5
        }
    }, 
    {
        "pk": 32, 
        "model": "qa.tasklistitemunitinfo", 
        "fields": {
            "reference": 42, 
            "active": true, 
            "tolerance": null, 
            "task_list_item": 32, 
            "unit": 5
        }
    }, 
    {
        "pk": 33, 
        "model": "qa.tasklistitemunitinfo", 
        "fields": {
            "reference": 43, 
            "active": true, 
            "tolerance": null, 
            "task_list_item": 33, 
            "unit": 5
        }
    }, 
    {
        "pk": 34, 
        "model": "qa.tasklistitemunitinfo", 
        "fields": {
            "reference": 44, 
            "active": true, 
            "tolerance": 10, 
            "task_list_item": 34, 
            "unit": 5
        }
    }, 
    {
        "pk": 35, 
        "model": "qa.tasklistitemunitinfo", 
        "fields": {
            "reference": 45, 
            "active": true, 
            "tolerance": null, 
            "task_list_item": 35, 
            "unit": 5
        }
    }, 
    {
        "pk": 1, 
        "model": "qa.tasklist", 
        "fields": {
            "modified_by": 1, 
            "description": "Safety checks for Elekta Synergy models.", 
            "created": "2012-04-02T16:10:05.933Z", 
            "modified": "2012-04-02T16:10:05.933Z", 
            "created_by": 1, 
            "sublists": [], 
            "active": true, 
            "task_list_items": [
                1, 
                2, 
                3, 
                4, 
                5, 
                6, 
                7, 
                8, 
                9, 
                10, 
                11, 
                12, 
                13, 
                14, 
                15, 
                16, 
                17, 
                18, 
                19, 
                20, 
                21, 
                22, 
                23, 
                24, 
                25
            ], 
            "slug": "synergy-daily-safety", 
            "name": "Synergy Daily Safety"
        }
    }, 
    {
        "pk": 2, 
        "model": "qa.tasklist", 
        "fields": {
            "modified_by": 1, 
            "description": "Output measurements for Day 1 of Elekta Synergy morning qa cycle.", 
            "created": "2012-04-02T16:27:00.492Z", 
            "modified": "2012-04-02T16:27:00.492Z", 
            "created_by": 1, 
            "sublists": [], 
            "active": true, 
            "task_list_items": [
                26, 
                27, 
                28, 
                29, 
                30, 
                31
            ], 
            "slug": "synergy-day-1-outputs", 
            "name": "Synergy Day 1 Outputs"
        }
    }, 
    {
        "pk": 3, 
        "model": "qa.tasklist", 
        "fields": {
            "modified_by": 1, 
            "description": "Day 2 output checks for Synergy units", 
            "created": "2012-04-02T16:36:30.115Z", 
            "modified": "2012-04-02T16:36:30.115Z", 
            "created_by": 1, 
            "sublists": [], 
            "active": true, 
            "task_list_items": [
                26, 
                27, 
                32, 
                33, 
                34, 
                35
            ], 
            "slug": "synergy-day-2-outputs", 
            "name": "Synergy Day 2 Outputs"
        }
    }, 
    {
        "pk": 1, 
        "model": "qa.unittasklists", 
        "fields": {
            "task_lists": [], 
            "frequency": "daily", 
            "unit": 1, 
            "cycles": []
        }
    }, 
    {
        "pk": 2, 
        "model": "qa.unittasklists", 
        "fields": {
            "task_lists": [], 
            "frequency": "weekly", 
            "unit": 1, 
            "cycles": []
        }
    }, 
    {
        "pk": 3, 
        "model": "qa.unittasklists", 
        "fields": {
            "task_lists": [], 
            "frequency": "monthly", 
            "unit": 1, 
            "cycles": []
        }
    }, 
    {
        "pk": 4, 
        "model": "qa.unittasklists", 
        "fields": {
            "task_lists": [], 
            "frequency": "semiannual", 
            "unit": 1, 
            "cycles": []
        }
    }, 
    {
        "pk": 5, 
        "model": "qa.unittasklists", 
        "fields": {
            "task_lists": [], 
            "frequency": "annual", 
            "unit": 1, 
            "cycles": []
        }
    }, 
    {
        "pk": 6, 
        "model": "qa.unittasklists", 
        "fields": {
            "task_lists": [], 
            "frequency": "other", 
            "unit": 1, 
            "cycles": []
        }
    }, 
    {
        "pk": 7, 
        "model": "qa.unittasklists", 
        "fields": {
            "task_lists": [], 
            "frequency": "daily", 
            "unit": 2, 
            "cycles": []
        }
    }, 
    {
        "pk": 8, 
        "model": "qa.unittasklists", 
        "fields": {
            "task_lists": [], 
            "frequency": "weekly", 
            "unit": 2, 
            "cycles": []
        }
    }, 
    {
        "pk": 9, 
        "model": "qa.unittasklists", 
        "fields": {
            "task_lists": [], 
            "frequency": "monthly", 
            "unit": 2, 
            "cycles": []
        }
    }, 
    {
        "pk": 10, 
        "model": "qa.unittasklists", 
        "fields": {
            "task_lists": [], 
            "frequency": "semiannual", 
            "unit": 2, 
            "cycles": []
        }
    }, 
    {
        "pk": 11, 
        "model": "qa.unittasklists", 
        "fields": {
            "task_lists": [], 
            "frequency": "annual", 
            "unit": 2, 
            "cycles": []
        }
    }, 
    {
        "pk": 12, 
        "model": "qa.unittasklists", 
        "fields": {
            "task_lists": [], 
            "frequency": "other", 
            "unit": 2, 
            "cycles": []
        }
    }, 
    {
        "pk": 13, 
        "model": "qa.unittasklists", 
        "fields": {
            "task_lists": [], 
            "frequency": "daily", 
            "unit": 3, 
            "cycles": []
        }
    }, 
    {
        "pk": 14, 
        "model": "qa.unittasklists", 
        "fields": {
            "task_lists": [], 
            "frequency": "weekly", 
            "unit": 3, 
            "cycles": []
        }
    }, 
    {
        "pk": 15, 
        "model": "qa.unittasklists", 
        "fields": {
            "task_lists": [], 
            "frequency": "monthly", 
            "unit": 3, 
            "cycles": []
        }
    }, 
    {
        "pk": 16, 
        "model": "qa.unittasklists", 
        "fields": {
            "task_lists": [], 
            "frequency": "semiannual", 
            "unit": 3, 
            "cycles": []
        }
    }, 
    {
        "pk": 17, 
        "model": "qa.unittasklists", 
        "fields": {
            "task_lists": [], 
            "frequency": "annual", 
            "unit": 3, 
            "cycles": []
        }
    }, 
    {
        "pk": 18, 
        "model": "qa.unittasklists", 
        "fields": {
            "task_lists": [], 
            "frequency": "other", 
            "unit": 3, 
            "cycles": []
        }
    }, 
    {
        "pk": 19, 
        "model": "qa.unittasklists", 
        "fields": {
            "task_lists": [], 
            "frequency": "daily", 
            "unit": 4, 
            "cycles": []
        }
    }, 
    {
        "pk": 20, 
        "model": "qa.unittasklists", 
        "fields": {
            "task_lists": [], 
            "frequency": "weekly", 
            "unit": 4, 
            "cycles": []
        }
    }, 
    {
        "pk": 21, 
        "model": "qa.unittasklists", 
        "fields": {
            "task_lists": [], 
            "frequency": "monthly", 
            "unit": 4, 
            "cycles": []
        }
    }, 
    {
        "pk": 22, 
        "model": "qa.unittasklists", 
        "fields": {
            "task_lists": [], 
            "frequency": "semiannual", 
            "unit": 4, 
            "cycles": []
        }
    }, 
    {
        "pk": 23, 
        "model": "qa.unittasklists", 
        "fields": {
            "task_lists": [], 
            "frequency": "annual", 
            "unit": 4, 
            "cycles": []
        }
    }, 
    {
        "pk": 24, 
        "model": "qa.unittasklists", 
        "fields": {
            "task_lists": [], 
            "frequency": "other", 
            "unit": 4, 
            "cycles": []
        }
    }, 
    {
        "pk": 25, 
        "model": "qa.unittasklists", 
        "fields": {
            "task_lists": [
                1
            ], 
            "frequency": "daily", 
            "unit": 5, 
            "cycles": [
                1
            ]
        }
    }, 
    {
        "pk": 26, 
        "model": "qa.unittasklists", 
        "fields": {
            "task_lists": [], 
            "frequency": "weekly", 
            "unit": 5, 
            "cycles": []
        }
    }, 
    {
        "pk": 27, 
        "model": "qa.unittasklists", 
        "fields": {
            "task_lists": [], 
            "frequency": "monthly", 
            "unit": 5, 
            "cycles": []
        }
    }, 
    {
        "pk": 28, 
        "model": "qa.unittasklists", 
        "fields": {
            "task_lists": [], 
            "frequency": "semiannual", 
            "unit": 5, 
            "cycles": []
        }
    }, 
    {
        "pk": 29, 
        "model": "qa.unittasklists", 
        "fields": {
            "task_lists": [], 
            "frequency": "annual", 
            "unit": 5, 
            "cycles": []
        }
    }, 
    {
        "pk": 30, 
        "model": "qa.unittasklists", 
        "fields": {
            "task_lists": [], 
            "frequency": "other", 
            "unit": 5, 
            "cycles": []
        }
    }, 
    {
        "pk": 31, 
        "model": "qa.unittasklists", 
        "fields": {
            "task_lists": [], 
            "frequency": "daily", 
            "unit": 6, 
            "cycles": []
        }
    }, 
    {
        "pk": 32, 
        "model": "qa.unittasklists", 
        "fields": {
            "task_lists": [], 
            "frequency": "weekly", 
            "unit": 6, 
            "cycles": []
        }
    }, 
    {
        "pk": 33, 
        "model": "qa.unittasklists", 
        "fields": {
            "task_lists": [], 
            "frequency": "monthly", 
            "unit": 6, 
            "cycles": []
        }
    }, 
    {
        "pk": 34, 
        "model": "qa.unittasklists", 
        "fields": {
            "task_lists": [], 
            "frequency": "semiannual", 
            "unit": 6, 
            "cycles": []
        }
    }, 
    {
        "pk": 35, 
        "model": "qa.unittasklists", 
        "fields": {
            "task_lists": [], 
            "frequency": "annual", 
            "unit": 6, 
            "cycles": []
        }
    }, 
    {
        "pk": 36, 
        "model": "qa.unittasklists", 
        "fields": {
            "task_lists": [], 
            "frequency": "other", 
            "unit": 6, 
            "cycles": []
        }
    }, 
    {
        "pk": 37, 
        "model": "qa.unittasklists", 
        "fields": {
            "task_lists": [], 
            "frequency": "daily", 
            "unit": 7, 
            "cycles": []
        }
    }, 
    {
        "pk": 38, 
        "model": "qa.unittasklists", 
        "fields": {
            "task_lists": [], 
            "frequency": "weekly", 
            "unit": 7, 
            "cycles": []
        }
    }, 
    {
        "pk": 39, 
        "model": "qa.unittasklists", 
        "fields": {
            "task_lists": [], 
            "frequency": "monthly", 
            "unit": 7, 
            "cycles": []
        }
    }, 
    {
        "pk": 40, 
        "model": "qa.unittasklists", 
        "fields": {
            "task_lists": [], 
            "frequency": "semiannual", 
            "unit": 7, 
            "cycles": []
        }
    }, 
    {
        "pk": 41, 
        "model": "qa.unittasklists", 
        "fields": {
            "task_lists": [], 
            "frequency": "annual", 
            "unit": 7, 
            "cycles": []
        }
    }, 
    {
        "pk": 42, 
        "model": "qa.unittasklists", 
        "fields": {
            "task_lists": [], 
            "frequency": "other", 
            "unit": 7, 
            "cycles": []
        }
    }, 
    {
        "pk": 43, 
        "model": "qa.unittasklists", 
        "fields": {
            "task_lists": [], 
            "frequency": "daily", 
            "unit": 8, 
            "cycles": []
        }
    }, 
    {
        "pk": 44, 
        "model": "qa.unittasklists", 
        "fields": {
            "task_lists": [], 
            "frequency": "weekly", 
            "unit": 8, 
            "cycles": []
        }
    }, 
    {
        "pk": 45, 
        "model": "qa.unittasklists", 
        "fields": {
            "task_lists": [], 
            "frequency": "monthly", 
            "unit": 8, 
            "cycles": []
        }
    }, 
    {
        "pk": 46, 
        "model": "qa.unittasklists", 
        "fields": {
            "task_lists": [], 
            "frequency": "semiannual", 
            "unit": 8, 
            "cycles": []
        }
    }, 
    {
        "pk": 47, 
        "model": "qa.unittasklists", 
        "fields": {
            "task_lists": [], 
            "frequency": "annual", 
            "unit": 8, 
            "cycles": []
        }
    }, 
    {
        "pk": 48, 
        "model": "qa.unittasklists", 
        "fields": {
            "task_lists": [], 
            "frequency": "other", 
            "unit": 8, 
            "cycles": []
        }
    }, 
    {
        "pk": 49, 
        "model": "qa.unittasklists", 
        "fields": {
            "task_lists": [], 
            "frequency": "daily", 
            "unit": 9, 
            "cycles": []
        }
    }, 
    {
        "pk": 50, 
        "model": "qa.unittasklists", 
        "fields": {
            "task_lists": [], 
            "frequency": "weekly", 
            "unit": 9, 
            "cycles": []
        }
    }, 
    {
        "pk": 51, 
        "model": "qa.unittasklists", 
        "fields": {
            "task_lists": [], 
            "frequency": "monthly", 
            "unit": 9, 
            "cycles": []
        }
    }, 
    {
        "pk": 52, 
        "model": "qa.unittasklists", 
        "fields": {
            "task_lists": [], 
            "frequency": "semiannual", 
            "unit": 9, 
            "cycles": []
        }
    }, 
    {
        "pk": 53, 
        "model": "qa.unittasklists", 
        "fields": {
            "task_lists": [], 
            "frequency": "annual", 
            "unit": 9, 
            "cycles": []
        }
    }, 
    {
        "pk": 54, 
        "model": "qa.unittasklists", 
        "fields": {
            "task_lists": [], 
            "frequency": "other", 
            "unit": 9, 
            "cycles": []
        }
    }, 
    {
        "pk": 55, 
        "model": "qa.unittasklists", 
        "fields": {
            "task_lists": [], 
            "frequency": "daily", 
            "unit": 10, 
            "cycles": []
        }
    }, 
    {
        "pk": 56, 
        "model": "qa.unittasklists", 
        "fields": {
            "task_lists": [], 
            "frequency": "weekly", 
            "unit": 10, 
            "cycles": []
        }
    }, 
    {
        "pk": 57, 
        "model": "qa.unittasklists", 
        "fields": {
            "task_lists": [], 
            "frequency": "monthly", 
            "unit": 10, 
            "cycles": []
        }
    }, 
    {
        "pk": 58, 
        "model": "qa.unittasklists", 
        "fields": {
            "task_lists": [], 
            "frequency": "semiannual", 
            "unit": 10, 
            "cycles": []
        }
    }, 
    {
        "pk": 59, 
        "model": "qa.unittasklists", 
        "fields": {
            "task_lists": [], 
            "frequency": "annual", 
            "unit": 10, 
            "cycles": []
        }
    }, 
    {
        "pk": 60, 
        "model": "qa.unittasklists", 
        "fields": {
            "task_lists": [], 
            "frequency": "other", 
            "unit": 10, 
            "cycles": []
        }
    }, 
    {
        "pk": 61, 
        "model": "qa.unittasklists", 
        "fields": {
            "task_lists": [], 
            "frequency": "daily", 
            "unit": 11, 
            "cycles": []
        }
    }, 
    {
        "pk": 62, 
        "model": "qa.unittasklists", 
        "fields": {
            "task_lists": [], 
            "frequency": "weekly", 
            "unit": 11, 
            "cycles": []
        }
    }, 
    {
        "pk": 63, 
        "model": "qa.unittasklists", 
        "fields": {
            "task_lists": [], 
            "frequency": "monthly", 
            "unit": 11, 
            "cycles": []
        }
    }, 
    {
        "pk": 64, 
        "model": "qa.unittasklists", 
        "fields": {
            "task_lists": [], 
            "frequency": "semiannual", 
            "unit": 11, 
            "cycles": []
        }
    }, 
    {
        "pk": 65, 
        "model": "qa.unittasklists", 
        "fields": {
            "task_lists": [], 
            "frequency": "annual", 
            "unit": 11, 
            "cycles": []
        }
    }, 
    {
        "pk": 66, 
        "model": "qa.unittasklists", 
        "fields": {
            "task_lists": [], 
            "frequency": "other", 
            "unit": 11, 
            "cycles": []
        }
    }, 
    {
        "pk": 67, 
        "model": "qa.unittasklists", 
        "fields": {
            "task_lists": [], 
            "frequency": "daily", 
            "unit": 12, 
            "cycles": []
        }
    }, 
    {
        "pk": 68, 
        "model": "qa.unittasklists", 
        "fields": {
            "task_lists": [], 
            "frequency": "weekly", 
            "unit": 12, 
            "cycles": []
        }
    }, 
    {
        "pk": 69, 
        "model": "qa.unittasklists", 
        "fields": {
            "task_lists": [], 
            "frequency": "monthly", 
            "unit": 12, 
            "cycles": []
        }
    }, 
    {
        "pk": 70, 
        "model": "qa.unittasklists", 
        "fields": {
            "task_lists": [], 
            "frequency": "semiannual", 
            "unit": 12, 
            "cycles": []
        }
    }, 
    {
        "pk": 71, 
        "model": "qa.unittasklists", 
        "fields": {
            "task_lists": [], 
            "frequency": "annual", 
            "unit": 12, 
            "cycles": []
        }
    }, 
    {
        "pk": 72, 
        "model": "qa.unittasklists", 
        "fields": {
            "task_lists": [], 
            "frequency": "other", 
            "unit": 12, 
            "cycles": []
        }
    }, 
    {
        "pk": 1, 
        "model": "qa.tasklistcycle", 
        "fields": {
            "units": [
                5, 
                6, 
                7, 
                8, 
                9
            ], 
            "frequency": "daily", 
            "name": "Synergy Output Rotation"
        }
    }, 
    {
        "pk": 1, 
        "model": "qa.tasklistcyclemembership", 
        "fields": {
            "cycle": 1, 
            "order": 0, 
            "task_list": 2
        }
    }, 
    {
        "pk": 2, 
        "model": "qa.tasklistcyclemembership", 
        "fields": {
            "cycle": 1, 
            "order": 1, 
            "task_list": 3
        }
    }
]
